company,email,country,city,niche,website,status
Cosmodent AG,info@cosmodent.ch,Switzerland,Zurich,Dentist,https://www.cosmodent.ch,NEW
Belle Dent,info@belle-dent.com,Switzerland,Zurich,Dentist,https://belle-dent.com,NEW
Style Your Smile,info@styleyoursmile.ch,Switzerland,Zurich,Dentist,https://eng.styleyoursmile.ch,NEW
Centerdent,info@centerdent.ch,Switzerland,Zurich,Dentist,https://centerdent.ch,NEW
Zahnarzt Stockerstrasse AG,info@zahnarztzuerich.ch,Switzerland,Zurich,Dentist,https://zahnarztzuerich.ch,NEW
Adent Dental Clinic Zürich,oerlikon@adent.ch,Switzerland,Zurich,Dentist,https://adent.ch/en/clinic/zurich,NEW
Swiss Smile Zurich,info@swiss-smile.com,Switzerland,Zurich,Dentist,https://www.swiss-smile.com,NEW
Miami Dental Studio,info@miamidentalstudio.com,USA,Miami,Dentist,https://miamidentalstudio.com,NEW
Dallas Roofing Pros,contact@dallasroofingpros.com,USA,Dallas,Roofing,https://dallasroofingpros.com,NEW
New York Legal Group,info@nylegalgroup.com,USA,New York,Law Firm,https://nylegalgroup.com,NEW
Los Angeles Med Spa,hello@lamedspa.com,USA,Los Angeles,Med Spa,https://lamedspa.com,NEW
Chicago HVAC Experts,info@chicagohvacexperts.com,USA,Chicago,HVAC,https://chicagohvacexperts.com,NEW
Houston Realty Team,contact@houstonrealtyteam.com,USA,Houston,Real Estate,https://houstonrealtyteam.com,NEW
Phoenix Smile Clinic,info@phoenixsmileclinic.com,USA,Phoenix,Dentist,https://phoenixsmileclinic.com,NEW
San Diego Elite Law,info@sdelitelaw.com,USA,San Diego,Law Firm,https://sdelitelaw.com,NEW
Austin Growth Dental,hello@austingrowthdental.com,USA,Austin,Dentist,https://austingrowthdental.com,NEW
Seattle Med Spa Group,info@seattlemedspa.com,USA,Seattle,Med Spa,https://seattlemedspa.com,NEW
