company,email,city,country,niche,website
A-Abel Roofing Inc,info@aabelroofing.com,Miami,USA,Roofing,https://aabelroofing.com
Best Choice Roofing Miami,contact@bestchoiceroofing.com,Miami,USA,Roofing,https://bestchoiceroofing.com
Tropical Roofing Systems,info@tropicalroofingsystems.com,Miami,USA,Roofing,https://tropicalroofingsystems.com
Sunrise Roof Repair,service@sunriseroofrepair.com,Miami,USA,Roofing,https://sunriseroofrepair.com
Miami Elite Roofing,info@miamieliteroofing.com,Miami,USA,Roofing,https://miamieliteroofing.com
Dallas Premier Roofing,info@dallaspremierroofing.com,Dallas,USA,Roofing,https://dallaspremierroofing.com
Texas Star Roofing,contact@texasstarroofing.com,Dallas,USA,Roofing,https://texasstarroofing.com
Austin Cool Air,info@austincoolair.com,Austin,USA,HVAC,https://austincoolair.com
Capital HVAC Austin,contact@capitalhvac.com,Austin,USA,HVAC,https://capitalhvac.com
Phoenix Air Experts,info@phoenixairexperts.com,Phoenix,USA,HVAC,https://phoenixairexperts.com
